{
  "last_node_id": 85,
  "last_link_id": 160,
  "nodes": [
    {
      "id": 25,
      "type": "VAELoader",
      "pos": {
        "0": 620,
        "1": 1120
      },
      "size": {
        "0": 315,
        "1": 58
      },
      "flags": {},
      "order": 0,
      "mode": 0,
      "inputs": [],
      "outputs": [
        {
          "name": "VAE",
          "type": "VAE",
          "links": [
            70,
            147
          ],
          "slot_index": 0,
          "shape": 3
        }
      ],
      "properties": {
        "Node name for S&R": "VAELoader"
      },
      "widgets_values": [
        "ae.safetensors"
      ]
    },
    {
      "id": 51,
      "type": "UnetLoaderGGUF",
      "pos": {
        "0": 620,
        "1": 1240
      },
      "size": {
        "0": 315,
        "1": 58
      },
      "flags": {},
      "order": 1,
      "mode": 0,
      "inputs": [],
      "outputs": [
        {
          "name": "MODEL",
          "type": "MODEL",
          "links": [
            102,
            150
          ],
          "slot_index": 0
        }
      ],
      "properties": {
        "Node name for S&R": "UnetLoaderGGUF"
      },
      "widgets_values": [
        "fluxDevQ5KMGGUFQuantizationA_v10.gguf"
      ]
    },
    {
      "id": 29,
      "type": "KSamplerSelect",
      "pos": {
        "0": 1410,
        "1": 1050
      },
      "size": {
        "0": 250,
        "1": 60
      },
      "flags": {},
      "order": 2,
      "mode": 0,
      "inputs": [],
      "outputs": [
        {
          "name": "SAMPLER",
          "type": "SAMPLER",
          "links": [
            152
          ],
          "shape": 3
        }
      ],
      "properties": {
        "Node name for S&R": "KSamplerSelect"
      },
      "widgets_values": [
        "euler"
      ]
    },
    {
      "id": 84,
      "type": "EmptySD3LatentImage",
      "pos": {
        "0": 1410,
        "1": 1340
      },
      "size": {
        "0": 250,
        "1": 110
      },
      "flags": {},
      "order": 3,
      "mode": 0,
      "inputs": [],
      "outputs": [
        {
          "name": "LATENT",
          "type": "LATENT",
          "links": [
            158
          ],
          "slot_index": 0
        }
      ],
      "properties": {
        "Node name for S&R": "EmptySD3LatentImage"
      },
      "widgets_values": [
        1024,
        1024,
        1
      ]
    },
    {
      "id": 30,
      "type": "BasicScheduler",
      "pos": {
        "0": 1410,
        "1": 1170
      },
      "size": {
        "0": 250,
        "1": 110
      },
      "flags": {},
      "order": 10,
      "mode": 0,
      "inputs": [
        {
          "name": "model",
          "type": "MODEL",
          "link": 102,
          "slot_index": 0
        }
      ],
      "outputs": [
        {
          "name": "SIGMAS",
          "type": "SIGMAS",
          "links": [
            153
          ],
          "shape": 3
        }
      ],
      "properties": {
        "Node name for S&R": "BasicScheduler"
      },
      "widgets_values": [
        "simple",
        20,
        1
      ]
    },
    {
      "id": 17,
      "type": "InpaintExtendOutpaint",
      "pos": {
        "0": 490,
        "1": 510
      },
      "size": {
        "0": 320,
        "1": 194
      },
      "flags": {},
      "order": 14,
      "mode": 0,
      "inputs": [
        {
          "name": "image",
          "type": "IMAGE",
          "link": 47
        },
        {
          "name": "mask",
          "type": "MASK",
          "link": 66
        },
        {
          "name": "optional_context_mask",
          "type": "MASK",
          "link": 67,
          "shape": 7
        }
      ],
      "outputs": [
        {
          "name": "image",
          "type": "IMAGE",
          "links": [
            39
          ],
          "slot_index": 0,
          "shape": 3
        },
        {
          "name": "mask",
          "type": "MASK",
          "links": [
            40
          ],
          "slot_index": 1,
          "shape": 3
        },
        {
          "name": "context_mask",
          "type": "MASK",
          "links": [
            41
          ],
          "slot_index": 2,
          "shape": 3
        }
      ],
      "properties": {
        "Node name for S&R": "InpaintExtendOutpaint"
      },
      "widgets_values": [
        "factors",
        0,
        1,
        0,
        1,
        0,
        1,
        0,
        1
      ]
    },
    {
      "id": 1,
      "type": "InpaintCrop",
      "pos": {
        "0": 880,
        "1": 90
      },
      "size": {
        "0": 300,
        "1": 314
      },
      "flags": {},
      "order": 15,
      "mode": 0,
      "inputs": [
        {
          "name": "image",
          "type": "IMAGE",
          "link": 39
        },
        {
          "name": "mask",
          "type": "MASK",
          "link": 40
        },
        {
          "name": "optional_context_mask",
          "type": "MASK",
          "link": 41,
          "shape": 7
        }
      ],
      "outputs": [
        {
          "name": "stitch",
          "type": "STITCH",
          "links": [
            8
          ],
          "slot_index": 0,
          "shape": 3
        },
        {
          "name": "cropped_image",
          "type": "IMAGE",
          "links": [
            156
          ],
          "slot_index": 1,
          "shape": 3
        },
        {
          "name": "cropped_mask",
          "type": "MASK",
          "links": [
            144
          ],
          "slot_index": 2,
          "shape": 3
        }
      ],
      "properties": {
        "Node name for S&R": "InpaintCrop"
      },
      "widgets_values": [
        20,
        1,
        true,
        16,
        false,
        16,
        "bicubic",
        "forced size",
        1024,
        1024,
        1,
        512,
        512,
        1024,
        1024,
        32
      ]
    },
    {
      "id": 3,
      "type": "LoadImage",
      "pos": {
        "0": 40,
        "1": 70
      },
      "size": {
        "0": 370,
        "1": 450
      },
      "flags": {},
      "order": 4,
      "mode": 0,
      "inputs": [],
      "outputs": [
        {
          "name": "IMAGE",
          "type": "IMAGE",
          "links": [
            54
          ],
          "slot_index": 0,
          "shape": 3
        },
        {
          "name": "MASK",
          "type": "MASK",
          "links": [
            51
          ],
          "slot_index": 1,
          "shape": 3
        }
      ],
      "properties": {
        "Node name for S&R": "LoadImage"
      },
      "widgets_values": [
        "clipspace/clipspace-mask-6889098.2.png [input]",
        "image"
      ]
    },
    {
      "id": 16,
      "type": "LoadImage",
      "pos": {
        "0": 40,
        "1": 610
      },
      "size": {
        "0": 370,
        "1": 450
      },
      "flags": {},
      "order": 5,
      "mode": 0,
      "inputs": [],
      "outputs": [
        {
          "name": "IMAGE",
          "type": "IMAGE",
          "links": [],
          "slot_index": 0,
          "shape": 3
        },
        {
          "name": "MASK",
          "type": "MASK",
          "links": [
            52
          ],
          "slot_index": 1,
          "shape": 3
        }
      ],
      "properties": {
        "Node name for S&R": "LoadImage"
      },
      "widgets_values": [
        "clipspace/clipspace-mask-6898724.4.png [input]",
        "image"
      ]
    },
    {
      "id": 18,
      "type": "InpaintResize",
      "pos": {
        "0": 490,
        "1": 230
      },
      "size": {
        "0": 320,
        "1": 170
      },
      "flags": {},
      "order": 11,
      "mode": 0,
      "inputs": [
        {
          "name": "image",
          "type": "IMAGE",
          "link": 54
        },
        {
          "name": "mask",
          "type": "MASK",
          "link": 51
        },
        {
          "name": "optional_context_mask",
          "type": "MASK",
          "link": 52,
          "shape": 7
        }
      ],
      "outputs": [
        {
          "name": "image",
          "type": "IMAGE",
          "links": [
            47
          ],
          "slot_index": 0,
          "shape": 3
        },
        {
          "name": "mask",
          "type": "MASK",
          "links": [
            66
          ],
          "slot_index": 1,
          "shape": 3
        },
        {
          "name": "context_mask",
          "type": "MASK",
          "links": [
            67
          ],
          "slot_index": 2,
          "shape": 3
        }
      ],
      "properties": {
        "Node name for S&R": "InpaintResize"
      },
      "widgets_values": [
        "bicubic",
        "ensure minimum size",
        1024,
        1024,
        1
      ]
    },
    {
      "id": 32,
      "type": "RandomNoise",
      "pos": {
        "0": 1410,
        "1": 750
      },
      "size": {
        "0": 250,
        "1": 82
      },
      "flags": {},
      "order": 6,
      "mode": 0,
      "inputs": [],
      "outputs": [
        {
          "name": "NOISE",
          "type": "NOISE",
          "links": [
            157
          ],
          "slot_index": 0,
          "shape": 3
        }
      ],
      "properties": {
        "Node name for S&R": "RandomNoise"
      },
      "widgets_values": [
        899041613719911,
        "randomize"
      ],
      "color": "#2a363b",
      "bgcolor": "#3f5159"
    },
    {
      "id": 74,
      "type": "ControlNetLoader",
      "pos": {
        "0": 620,
        "1": 1350
      },
      "size": {
        "0": 320,
        "1": 60
      },
      "flags": {},
      "order": 8,
      "mode": 0,
      "inputs": [],
      "outputs": [
        {
          "name": "CONTROL_NET",
          "type": "CONTROL_NET",
          "links": [
            126
          ],
          "slot_index": 0,
          "shape": 3,
          "label": "CONTROL_NET"
        }
      ],
      "properties": {
        "Node name for S&R": "ControlNetLoader"
      },
      "widgets_values": [
        "FLUX.1-dev-Controlnet-Inpainting-Beta/diffusion_pytorch_model.safetensors"
      ]
    },
    {
      "id": 2,
      "type": "InpaintStitch",
      "pos": {
        "0": 1680,
        "1": 90
      },
      "size": {
        "0": 210,
        "1": 78
      },
      "flags": {},
      "order": 20,
      "mode": 0,
      "inputs": [
        {
          "name": "stitch",
          "type": "STITCH",
          "link": 8
        },
        {
          "name": "inpainted_image",
          "type": "IMAGE",
          "link": 81
        }
      ],
      "outputs": [
        {
          "name": "image",
          "type": "IMAGE",
          "links": [
            22
          ],
          "slot_index": 0,
          "shape": 3
        }
      ],
      "properties": {
        "Node name for S&R": "InpaintStitch"
      },
      "widgets_values": [
        "bislerp"
      ]
    },
    {
      "id": 59,
      "type": "SamplerCustomAdvanced",
      "pos": {
        "0": 1700,
        "1": 870
      },
      "size": {
        "0": 240,
        "1": 110
      },
      "flags": {},
      "order": 18,
      "mode": 0,
      "inputs": [
        {
          "name": "noise",
          "type": "NOISE",
          "link": 157,
          "slot_index": 0,
          "label": "noise"
        },
        {
          "name": "guider",
          "type": "GUIDER",
          "link": 110,
          "slot_index": 1,
          "label": "guider"
        },
        {
          "name": "sampler",
          "type": "SAMPLER",
          "link": 152,
          "slot_index": 2,
          "label": "sampler"
        },
        {
          "name": "sigmas",
          "type": "SIGMAS",
          "link": 153,
          "slot_index": 3,
          "label": "sigmas"
        },
        {
          "name": "latent_image",
          "type": "LATENT",
          "link": 158,
          "slot_index": 4,
          "label": "latent_image"
        }
      ],
      "outputs": [
        {
          "name": "output",
          "type": "LATENT",
          "links": [
            151
          ],
          "slot_index": 0,
          "shape": 3,
          "label": "output"
        },
        {
          "name": "denoised_output",
          "type": "LATENT",
          "links": null,
          "shape": 3,
          "label": "denoised_output"
        }
      ],
      "properties": {
        "Node name for S&R": "SamplerCustomAdvanced"
      },
      "widgets_values": []
    },
    {
      "id": 50,
      "type": "DualCLIPLoaderGGUF",
      "pos": {
        "0": 620,
        "1": 950
      },
      "size": {
        "0": 315,
        "1": 106
      },
      "flags": {},
      "order": 9,
      "mode": 0,
      "inputs": [],
      "outputs": [
        {
          "name": "CLIP",
          "type": "CLIP",
          "links": [
            149,
            159
          ],
          "slot_index": 0
        }
      ],
      "properties": {
        "Node name for S&R": "DualCLIPLoaderGGUF"
      },
      "widgets_values": [
        "t5-v1_1-xxl-encoder-Q3_K_L.gguf",
        "clip_l.safetensors",
        "flux"
      ]
    },
    {
      "id": 71,
      "type": "ControlNetInpaintingAliMamaApply",
      "pos": {
        "0": 1060,
        "1": 1210
      },
      "size": {
        "0": 270,
        "1": 210
      },
      "flags": {},
      "order": 16,
      "mode": 0,
      "inputs": [
        {
          "name": "positive",
          "type": "CONDITIONING",
          "link": 155,
          "label": "positive"
        },
        {
          "name": "negative",
          "type": "CONDITIONING",
          "link": 160,
          "label": "negative"
        },
        {
          "name": "control_net",
          "type": "CONTROL_NET",
          "link": 126,
          "label": "control_net"
        },
        {
          "name": "vae",
          "type": "VAE",
          "link": 147,
          "label": "vae"
        },
        {
          "name": "image",
          "type": "IMAGE",
          "link": 156,
          "label": "image"
        },
        {
          "name": "mask",
          "type": "MASK",
          "link": 144,
          "label": "mask"
        }
      ],
      "outputs": [
        {
          "name": "positive",
          "type": "CONDITIONING",
          "links": [
            137
          ],
          "slot_index": 0,
          "shape": 3,
          "label": "positive"
        },
        {
          "name": "negative",
          "type": "CONDITIONING",
          "links": [
            138
          ],
          "slot_index": 1,
          "shape": 3,
          "label": "negative"
        }
      ],
      "properties": {
        "Node name for S&R": "ControlNetInpaintingAliMamaApply"
      },
      "widgets_values": [
        0.7000000000000001,
        0,
        1
      ]
    },
    {
      "id": 85,
      "type": "CLIPTextEncodeFlux",
      "pos": {
        "0": 990,
        "1": 990
      },
      "size": {
        "0": 370,
        "1": 160
      },
      "flags": {},
      "order": 13,
      "mode": 0,
      "inputs": [
        {
          "name": "clip",
          "type": "CLIP",
          "link": 159,
          "label": "clip"
        }
      ],
      "outputs": [
        {
          "name": "CONDITIONING",
          "type": "CONDITIONING",
          "links": [
            160
          ],
          "slot_index": 0,
          "shape": 3,
          "label": "CONDITIONING"
        }
      ],
      "properties": {
        "Node name for S&R": "CLIPTextEncodeFlux"
      },
      "widgets_values": [
        "",
        "bad, ugly, distorted, blurry",
        3.5
      ],
      "color": "#322",
      "bgcolor": "#533"
    },
    {
      "id": 80,
      "type": "CFGGuider",
      "pos": {
        "0": 1410,
        "1": 890
      },
      "size": {
        "0": 250,
        "1": 100
      },
      "flags": {},
      "order": 17,
      "mode": 0,
      "inputs": [
        {
          "name": "model",
          "type": "MODEL",
          "link": 150
        },
        {
          "name": "positive",
          "type": "CONDITIONING",
          "link": 137
        },
        {
          "name": "negative",
          "type": "CONDITIONING",
          "link": 138
        }
      ],
      "outputs": [
        {
          "name": "GUIDER",
          "type": "GUIDER",
          "links": [
            110
          ],
          "slot_index": 0,
          "shape": 3
        }
      ],
      "properties": {
        "Node name for S&R": "CFGGuider"
      },
      "widgets_values": [
        1
      ]
    },
    {
      "id": 73,
      "type": "CLIPTextEncodeFlux",
      "pos": {
        "0": 990,
        "1": 650
      },
      "size": {
        "0": 370,
        "1": 290
      },
      "flags": {},
      "order": 12,
      "mode": 0,
      "inputs": [
        {
          "name": "clip",
          "type": "CLIP",
          "link": 149,
          "label": "clip"
        }
      ],
      "outputs": [
        {
          "name": "CONDITIONING",
          "type": "CONDITIONING",
          "links": [
            155
          ],
          "slot_index": 0,
          "shape": 3,
          "label": "CONDITIONING"
        }
      ],
      "properties": {
        "Node name for S&R": "CLIPTextEncodeFlux"
      },
      "widgets_values": [
        "a goat looking at the background stepping on brown leaves",
        "a goat looking at the background, with large horns stepping on ground covered with brown leaves, underexposed image, low contrast, a bit foggy",
        3.5
      ],
      "color": "#232",
      "bgcolor": "#353"
    },
    {
      "id": 10,
      "type": "SaveImage",
      "pos": {
        "0": 1630,
        "1": 250
      },
      "size": {
        "0": 290,
        "1": 350
      },
      "flags": {},
      "order": 22,
      "mode": 0,
      "inputs": [
        {
          "name": "images",
          "type": "IMAGE",
          "link": 22,
          "slot_index": 0
        }
      ],
      "outputs": [],
      "properties": {},
      "widgets_values": [
        "%date:yyyyMMddhhmmss%"
      ]
    },
    {
      "id": 54,
      "type": "PreviewImage",
      "pos": {
        "0": 1730,
        "1": 1060
      },
      "size": [
        210,
        210
      ],
      "flags": {},
      "order": 21,
      "mode": 0,
      "inputs": [
        {
          "name": "images",
          "type": "IMAGE",
          "link": 106
        }
      ],
      "outputs": [],
      "properties": {
        "Node name for S&R": "PreviewImage"
      },
      "widgets_values": []
    },
    {
      "id": 23,
      "type": "VAEDecode",
      "pos": {
        "0": 1720,
        "1": 750
      },
      "size": {
        "0": 210,
        "1": 46
      },
      "flags": {},
      "order": 19,
      "mode": 0,
      "inputs": [
        {
          "name": "samples",
          "type": "LATENT",
          "link": 151
        },
        {
          "name": "vae",
          "type": "VAE",
          "link": 70
        }
      ],
      "outputs": [
        {
          "name": "IMAGE",
          "type": "IMAGE",
          "links": [
            81,
            106
          ],
          "slot_index": 0
        }
      ],
      "properties": {
        "Node name for S&R": "VAEDecode"
      },
      "widgets_values": []
    },
    {
      "id": 52,
      "type": "Note",
      "pos": {
        "0": 20,
        "1": 1110
      },
      "size": {
        "0": 470,
        "1": 330
      },
      "flags": {},
      "order": 7,
      "mode": 0,
      "inputs": [],
      "outputs": [],
      "properties": {
        "text": ""
      },
      "widgets_values": [
        "Models used:\n\n- Flux Dev Q5 GGUF from https://civitai.com/models/711483/flux-dev-q5km-gguf-quantization-a-nice-balance-of-speed-and-quality-in-under-9-gigabytes?modelVersionId=795785.\n  Put it in models/unet/\n\n- Flux 1. dev controlet inpainting beta from https://huggingface.co/alimama-creative/FLUX.1-dev-Controlnet-Inpainting-Beta\n  Put it in models/controlnet/\n\n- t5 GGUF Q3_K_L from https://huggingface.co/city96/t5-v1_1-xxl-encoder-gguf/tree/main\n  Put it in models/clip/\n\n- clip_l from https://huggingface.co/comfyanonymous/flux_text_encoders/blob/main/clip_l.safetensors\n  Put it in models/clip/\n\n- ae VAE from https://huggingface.co/black-forest-labs/FLUX.1-schnell/blob/main/ae.safetensors\n  Put it in models/vae/\n\n"
      ],
      "color": "#432",
      "bgcolor": "#653"
    }
  ],
  "links": [
    [
      8,
      1,
      0,
      2,
      0,
      "STITCH"
    ],
    [
      22,
      2,
      0,
      10,
      0,
      "IMAGE"
    ],
    [
      39,
      17,
      0,
      1,
      0,
      "IMAGE"
    ],
    [
      40,
      17,
      1,
      1,
      1,
      "MASK"
    ],
    [
      41,
      17,
      2,
      1,
      2,
      "MASK"
    ],
    [
      47,
      18,
      0,
      17,
      0,
      "IMAGE"
    ],
    [
      51,
      3,
      1,
      18,
      1,
      "MASK"
    ],
    [
      52,
      16,
      1,
      18,
      2,
      "MASK"
    ],
    [
      54,
      3,
      0,
      18,
      0,
      "IMAGE"
    ],
    [
      66,
      18,
      1,
      17,
      1,
      "MASK"
    ],
    [
      67,
      18,
      2,
      17,
      2,
      "MASK"
    ],
    [
      70,
      25,
      0,
      23,
      1,
      "VAE"
    ],
    [
      81,
      23,
      0,
      2,
      1,
      "IMAGE"
    ],
    [
      102,
      51,
      0,
      30,
      0,
      "MODEL"
    ],
    [
      106,
      23,
      0,
      54,
      0,
      "IMAGE"
    ],
    [
      110,
      80,
      0,
      59,
      1,
      "GUIDER"
    ],
    [
      126,
      74,
      0,
      71,
      2,
      "CONTROL_NET"
    ],
    [
      137,
      71,
      0,
      80,
      1,
      "CONDITIONING"
    ],
    [
      138,
      71,
      1,
      80,
      2,
      "CONDITIONING"
    ],
    [
      144,
      1,
      2,
      71,
      5,
      "MASK"
    ],
    [
      147,
      25,
      0,
      71,
      3,
      "VAE"
    ],
    [
      149,
      50,
      0,
      73,
      0,
      "CLIP"
    ],
    [
      150,
      51,
      0,
      80,
      0,
      "MODEL"
    ],
    [
      151,
      59,
      0,
      23,
      0,
      "LATENT"
    ],
    [
      152,
      29,
      0,
      59,
      2,
      "SAMPLER"
    ],
    [
      153,
      30,
      0,
      59,
      3,
      "SIGMAS"
    ],
    [
      155,
      73,
      0,
      71,
      0,
      "CONDITIONING"
    ],
    [
      156,
      1,
      1,
      71,
      4,
      "IMAGE"
    ],
    [
      157,
      32,
      0,
      59,
      0,
      "NOISE"
    ],
    [
      158,
      84,
      0,
      59,
      4,
      "LATENT"
    ],
    [
      159,
      50,
      0,
      85,
      0,
      "CLIP"
    ],
    [
      160,
      85,
      0,
      71,
      1,
      "CONDITIONING"
    ]
  ],
  "groups": [],
  "config": {},
  "extra": {
    "ds": {
      "scale": 0.5644739300537773,
      "offset": [
        103.20192590580136,
        140.8928563375629
      ]
    }
  },
  "version": 0.4
}